{
  "accuracy": 0.7690802348336595,
  "precision": 0.7323340471092077,
  "recall": 0.7549668874172185,
  "f1": 0.7434782608695653,
  "roc_auc": 0.8446346752949484,
  "confusion_matrix": [
    [
      444,
      125
    ],
    [
      111,
      342
    ]
  ],
  "train_shape": [
    4087,
    154
  ],
  "test_shape": [
    1022,
    154
  ],
  "timestamp": "2025-11-09T23:37:19.620414Z"
}