{
  "accuracy": 0.7495107632093934,
  "precision": 0.7213483146067415,
  "recall": 0.7086092715231788,
  "f1": 0.7149220489977728,
  "confusion_matrix": [
    [
      445,
      124
    ],
    [
      132,
      321
    ]
  ],
  "roc_auc": 0.8166781115546814
}